Keyword,App,Country,Popularity,Difficulty,Difficulty Label,Opportunity,Insight,Rank,Competitors,Date
余生,,JP,58,26,Easy,52,Sweet Spot,,24,2026-04-22 05:20
人生観,,JP,14,28,Easy,15,Low Volume,,23,2026-04-22 05:20
生きる意味,,JP,14,24,Easy,15,Low Volume,,20,2026-04-22 05:19
人生設計,,JP,14,15,Very Easy,16,Low Volume,,25,2026-04-22 05:19
反省,,JP,42,16,Easy,44,Sweet Spot,,21,2026-04-22 05:19
老後,,JP,23,28,Easy,25,Avoid,,21,2026-04-22 05:19
残り時間,,JP,43,26,Easy,43,Sweet Spot,,24,2026-04-22 05:19
覚悟,,JP,16,19,Easy,18,Avoid,,18,2026-04-22 05:19
座右の銘,,JP,29,12,Very Easy,33,Hidden Gem,,23,2026-04-22 05:19
マイルストーン,,JP,16,9,Very Easy,18,Avoid,,24,2026-04-22 05:19
死生観,,JP,5,1,Very Easy,6,Low Volume,,5,2026-04-22 05:19
生きがい,,JP,15,3,Very Easy,17,Avoid,,14,2026-04-22 05:19
セネカ,,JP,5,3,Very Easy,6,Low Volume,,3,2026-04-22 05:19
マルクス,,JP,5,1,Very Easy,6,Low Volume,,3,2026-04-22 05:19
自己啓発,,JP,22,28,Easy,24,Avoid,,25,2026-04-22 05:19
夢想,,JP,26,13,Very Easy,30,Hidden Gem,,18,2026-04-22 05:19
記憶,,JP,88,57,Hard,57,Good Target,,24,2026-04-22 05:19
瞬間,,JP,77,49,Moderate,53,Moderate,,14,2026-04-22 05:19
節目,,JP,65,18,Easy,58,Sweet Spot,,21,2026-04-22 05:19
転機,,JP,19,51,Moderate,16,Avoid,,24,2026-04-22 05:19
余命,,JP,62,31,Easy,53,Sweet Spot,,20,2026-04-22 04:55
振り返り,,JP,66,36,Moderate,53,Sweet Spot,,23,2026-04-22 04:55
カレンダー,,JP,99,83,Very Hard,30,High Competition,,22,2026-04-22 04:55
ストア派,,JP,16,4,Very Easy,18,Avoid,,10,2026-04-22 04:55
終活,,JP,68,35,Easy,55,Sweet Spot,,25,2026-04-22 04:55
瞑想,,JP,88,65,Hard,48,High Competition,,23,2026-04-22 04:55
名言,,JP,77,39,Moderate,59,Sweet Spot,,23,2026-04-22 04:55
習慣,,JP,93,65,Hard,52,High Competition,,23,2026-04-22 04:55
メメントモリ,,JP,25,48,Moderate,22,Avoid,,22,2026-04-22 04:55
日記,,JP,92,74,Hard,40,High Competition,,21,2026-04-22 04:55

Privacy-first mobile analytics - https://respectlytics.com
